ZIP Code,Home1MCount,HomeValueGrowth,Recreational Vessel Count,Area,Median_Income,Mean_Income,Private School Count,Wealth Score,Rank
33156,2360,0,479,Miami,134720,134720,0,4.541505332,1
33480,2022,0,199,Palm Beach,151121,151121,0,3.864522619,2
33149,1424,0,187,Key Biscayne,171982,171982,1,3.533404173,3
33133,1080,0,439,Miami,92734,92734,2,3.494276607,4
33143,1069,0,303,Miami,80924,80924,3,3.317424133,5
32963,1429,0,212,Vero Beach,142985,142985,0,3.238637483,6
34108,1682,0,118,Naples,120187,120187,0,3.176385635,7
34786,1110,0,101,Windermere,131409,131409,1,3.108970251,8
34102,1594,0,275,Naples,115927,115927,0,3.088194752,9
32082,1238,0,157,Ponte Vedra Beach,122807,122807,0,3.053025854,10
33140,1145,0,159,Miami Beach,103898,103898,2,3.029020838,11
33131,335,0,171,Miami,143114,143114,2,2.990888769,12
33134,731,0,218,Miami,92009,92009,2,2.83161763,13
33418,672,0,146,Palm Beach Gardens,123405,123405,0,2.822969816,14
33432,980,0,241,Boca Raton,94375,94375,1,2.806544845,15
33629,731,0,108,Tampa,158337,158337,0,2.790668721,16
33301,631,0,427,Fort Lauderdale,115421,115421,1,2.784458789,17
33157,111,0,186,Miami,80364,80364,5,2.677776093,18
33160,1141,0,246,North Miami Beach,62413,62413,1,2.675518689,19
33308,810,0,455,Fort Lauderdale,83413,83413,0,2.647603668,20
33076,158,0,93,Pompano Beach,174560,174560,0,2.646440836,21
34103,1194,0,115,Naples,115262,115262,0,2.638110804,22
33496,1114,0,70,Boca Raton,111754,111754,0,2.585875589,23
33458,534,0,244,Jupiter,107626,107626,0,2.551373622,24
33064,520,0,555,Pompano Beach,66269,66269,1,2.500806378,25
32259,141,0,114,Saint Johns,144168,144168,0,2.48929141,26
33410,686,0,334,Palm Beach Gardens,96059,96059,0,2.470953965,27
33408,547,0,384,North Palm Beach,91390,91390,1,2.442014299,28
33316,666,0,436,Fort Lauderdale,89200,89200,1,2.437366314,29
34134,851,0,86,Bonita Springs,122102,122102,0,2.43637863,30
34990,177,0,363,Palm City,120407,120407,1,2.43175996,31
34787,58,0,37,Winter Garden,114988,114988,1,2.424845459,32
33109,127,0,49,Miami Beach,250001,250001,0,2.40204297,33
33180,478,0,145,Miami,88613,88613,2,2.380213279,34
34228,746,0,170,Longboat Key,143365,143365,0,2.36197368,35
33139,889,0,253,Miami Beach,63368,63368,0,2.321786874,36
33483,670,0,281,Delray Beach,117854,117854,0,2.320554588,37
34145,692,0,309,Marco Island,104105,104105,0,2.289245656,38
33477,730,0,263,Jupiter,104107,104107,0,2.28196166,39
34236,601,0,140,Sarasota,96400,96400,1,2.280536296,40
32765,129,0,41,Oviedo,99161,99161,3,2.27261707,41
32789,756,0,80,Winter Park,100213,100213,0,2.269929837,42
33067,203,0,87,Pompano Beach,132385,132385,2,2.268368149,43
33469,429,0,167,Jupiter,103489,103489,2,2.26694594,44
32034,416,0,142,Fernandina Beach,97756,97756,1,2.24183443,45
33487,480,0,252,Boca Raton,93816,93816,1,2.228287979,46
33331,277,0,83,Fort Lauderdale,142464,142464,1,2.205131745,47
33647,93,0,62,Tampa,104775,104775,1,2.170637024,48
33433,99,0,68,Boca Raton,81421,81421,3,2.166623878,49
33146,613,0,174,Miami,124712,124712,0,2.162451123,50
32940,58,0,85,Melbourne,106511,106511,2,2.145418331,51
33037,610,0,472,Key Largo,80911,80911,0,2.138691149,52
33062,284,0,478,Pompano Beach,82955,82955,0,2.138571301,53
33040,505,0,370,Key West,79038,79038,0,2.124455035,54
33312,142,0,369,Fort Lauderdale,77644,77644,2,2.122770834,55
32804,143,0,39,Orlando,113466,113466,2,2.118659844,56
33414,401,0,108,Wellington,105953,105953,0,2.112339232,57
33324,284,0,74,Fort Lauderdale,83678,83678,2,2.100268114,58
34242,726,0,146,Sarasota,122143,122143,0,2.097261172,59
33706,402,0,278,Saint Petersburg,97364,97364,0,2.077895807,60
34110,574,0,99,Naples,95275,95275,0,2.074894987,61
33029,0,0,71,Hollywood,145282,145282,0,2.069674433,62
33158,223,0,85,Miami,180357,180357,0,2.044267397,63
33950,98,0,752,Punta Gorda,74484,74484,0,2.03056955,64
33178,230,0,81,Miami,91338,91338,2,2.017428993,65
32459,170,0,53,Santa Rosa Beach,101067,101067,2,2.011880109,66
32779,459,0,78,Longwood,115931,115931,0,2.011775194,67
32312,224,0,59,Tallahassee,119664,119664,1,1.972806297,68
34105,520,0,63,Naples,94702,94702,1,1.972313746,69
33411,142,0,81,West Palm Beach,89329,89329,1,1.971178591,70
33431,351,0,183,Boca Raton,103252,103252,1,1.971097581,71
33327,145,0,40,Fort Lauderdale,165458,165458,0,1.963778242,72
33176,297,0,233,Miami,80437,80437,0,1.962140531,73
33012,50,0,51,Hialeah,45818,45818,5,1.9576361,74
32250,126,0,175,Jacksonville Beach,111553,111553,0,1.957567057,75
32836,369,0,31,Orlando,111921,111921,1,1.946705105,76
33141,402,0,111,Miami Beach,64457,64457,2,1.94290481,77
33908,368,0,297,Fort Myers,74711,74711,0,1.939727232,78
32937,138,0,232,Satellite Beach,98411,98411,1,1.931961048,79
33957,638,0,83,Sanibel,122730,122730,0,1.92970856,80
32746,164,0,66,Lake Mary,111534,111534,0,1.903240153,81
33332,134,0,41,Fort Lauderdale,165045,165045,0,1.891007005,82
34986,20,0,51,Port Saint Lucie,85842,85842,4,1.878471705,83
32904,65,0,38,Melbourne,86943,86943,3,1.874524399,84
33606,260,0,98,Tampa,113634,113634,0,1.870584482,85
34202,201,0,84,Bradenton,123210,123210,0,1.869969274,86
33913,62,0,35,Fort Myers,106925,106925,2,1.857129093,87
32818,20,0,11,Orlando,60182,60182,5,1.852894444,88
34761,52,0,16,Ocoee,90406,90406,3,1.845712308,89
33572,110,0,257,Apollo Beach,113775,113775,0,1.837160591,90
32309,41,0,24,Tallahassee,110162,110162,2,1.835877299,91
32578,75,0,146,Niceville,105858,105858,1,1.830385304,92
32563,78,0,145,Gulf Breeze,97139,97139,2,1.824869259,93
33455,415,0,208,Hobe Sound,74149,74149,1,1.82404787,94
32828,0,0,36,Orlando,99927,99927,2,1.818417519,95
32210,229,0,142,Jacksonville,58215,58215,2,1.815458587,96
33330,340,0,84,Fort Lauderdale,132483,132483,0,1.812406963,97
33704,294,0,98,Saint Petersburg,102647,102647,0,1.804648913,98
34711,96,0,42,Clermont,88474,88474,2,1.801377722,99
33325,85,0,65,Fort Lauderdale,96004,96004,2,1.795330188,100
32137,186,0,208,Palm Coast,78731,78731,1,1.789390517,101
34996,480,0,223,Stuart,82898,82898,0,1.779599057,102
33186,0,0,110,Miami,86481,86481,2,1.777216212,103
32771,167,0,58,Sanford,74520,74520,2,1.766909417,104
33446,494,0,74,Delray Beach,74995,74995,0,1.766023666,105
33912,88,0,65,Fort Myers,101043,101043,2,1.764088368,106
33196,11,0,52,Miami,93370,93370,2,1.76267307,107
33626,42,0,43,Tampa,123580,123580,0,1.756826233,108
33014,88,0,66,Hialeah,74934,74934,3,1.755652191,109
33756,313,0,68,Clearwater,63990,63990,2,1.754734578,110
32092,30,0,57,Saint Augustine,122655,122655,0,1.748575387,111
33707,243,0,218,Saint Petersburg,68560,68560,1,1.745941866,112
34638,50,0,20,Land O'Lakes,117931,117931,1,1.745040895,113
34209,181,0,88,Bradenton,80829,80829,2,1.742796157,114
33486,186,0,100,Boca Raton,113575,113575,0,1.74244578,115
33050,212,0,399,Marathon,83243,83243,0,1.740292308,116
32308,89,0,24,Tallahassee,73125,73125,3,1.73975743,117
33028,9,0,32,Pembroke Pines,111553,111553,2,1.739044124,118
32712,112,0,29,Apopka,106264,106264,1,1.737828336,119
33138,152,0,109,Miami,71518,71518,2,1.731892425,120
32217,96,0,47,Jacksonville,69742,69742,3,1.72679343,121
34997,213,0,343,Stuart,75705,75705,0,1.722057314,122
34758,67,0,4,Kissimmee,67128,67128,4,1.719501863,123
34655,54,0,29,New Port Richey,85107,85107,2,1.718904375,124
32080,232,0,124,Saint Augustine,91201,91201,1,1.714863186,125
33611,182,0,69,Tampa,82804,82804,0,1.71026235,126
32081,0,0,16,Ponte Vedra,128316,128316,0,1.708825041,127
34688,50,0,37,Tarpon Springs,111090,111090,2,1.699701058,128
34109,333,0,75,Naples,91073,91073,0,1.692160579,129
32541,246,0,217,Destin,93004,93004,0,1.68721835,130
34953,55,0,47,Port Saint Lucie,81028,81028,2,1.684182188,131
33914,100,0,414,Cape Coral,75557,75557,0,1.683301608,132
32003,120,0,83,Fleming Island,119046,119046,0,1.679615192,133
33154,456,0,76,Miami Beach,87806,87806,0,1.677072969,134
33609,251,0,60,Tampa,105083,105083,0,1.667227912,135
33624,98,0,27,Tampa,81039,81039,2,1.667049163,136
33019,418,0,122,Hollywood,94824,94824,0,1.66655199,137
32683,0,0,1,Otter Creek,63361,63361,1,1.657620522,138
33328,98,0,54,Fort Lauderdale,127386,127386,0,1.652790572,139
32819,196,0,43,Orlando,94386,94386,1,1.651161047,140
33063,24,0,22,Pompano Beach,62930,62930,3,1.644417124,141
34231,223,0,115,Sarasota,69721,69721,1,1.63228272,142
32561,92,0,124,Gulf Breeze,119042,119042,0,1.632057722,143
33478,69,0,62,Jupiter,142109,142109,0,1.630887991,144
32225,164,0,155,Jacksonville,87715,87715,0,1.629191107,145
32507,87,0,227,Pensacola,69802,69802,1,1.625396753,146
33467,100,0,68,Lake Worth,93053,93053,0,1.625347075,147
33715,151,0,233,Saint Petersburg,105068,105068,0,1.619980415,148
32903,95,0,72,Indialantic,101549,101549,1,1.618201253,149
32931,31,0,104,Cocoa Beach,84769,84769,2,1.617332409,150
32223,187,0,73,Jacksonville,91599,91599,1,1.616390738,151
33018,44,0,62,Hialeah,90805,90805,1,1.615594436,152
32832,232,0,13,Orlando,115398,115398,0,1.613309911,153
32708,43,0,32,Winter Springs,87889,87889,1,1.610544081,154
33323,22,0,26,Fort Lauderdale,109569,109569,1,1.609393246,155
33304,203,0,167,Fort Lauderdale,84951,84951,0,1.607448363,156
33412,110,0,69,West Palm Beach,134818,134818,0,1.605540815,157
33015,13,0,50,Hialeah,73609,73609,2,1.602515935,158
34212,67,0,51,Bradenton,119298,119298,0,1.600951386,159
34135,339,0,80,Bonita Springs,86731,86731,0,1.592440475,160
33498,44,0,26,Boca Raton,129615,129615,0,1.590933773,161
33578,43,0,20,Riverview,80223,80223,2,1.587084511,162
32955,65,0,90,Rockledge,85133,85133,1,1.586555083,163
33904,103,0,403,Cape Coral,66933,66933,0,1.584518144,164
33024,110,0,41,Hollywood,76501,76501,1,1.573737155,165
32766,29,0,28,Oviedo,146215,146215,0,1.573629224,166
32258,22,0,41,Jacksonville,99764,99764,1,1.572232675,167
33703,63,0,105,Saint Petersburg,96795,96795,0,1.569957448,168
34760,0,0,0,Oakland,136042,136042,0,1.56892582,169
33548,52,0,15,Lutz,124548,124548,1,1.567297009,170
32216,0,0,35,Jacksonville,63253,63253,3,1.564787335,171
34240,146,0,43,Sarasota,126048,126048,0,1.564356344,172
33326,29,0,47,Fort Lauderdale,113935,113935,0,1.560868962,173
33449,60,0,21,Lake Worth,149159,149159,0,1.559478478,174
32952,147,0,164,Merritt Island,98651,98651,0,1.55727985,175
33129,207,0,78,Miami,102969,102969,0,1.554770647,176
32317,14,0,16,Tallahassee,121802,121802,1,1.553247212,177
34275,336,0,77,Nokomis,84503,84503,0,1.547821299,178
33315,17,0,189,Fort Lauderdale,90760,90760,1,1.542249555,179
33701,207,0,208,Saint Petersburg,69098,69098,0,1.541595158,180
34219,18,0,57,Parrish,104258,104258,1,1.535331636,181
33547,13,0,28,Lithia,121769,121769,0,1.535221589,182
32174,132,0,102,Ormond Beach,67817,67817,1,1.534155288,183
33319,52,0,18,Fort Lauderdale,55071,55071,3,1.53087924,184
33928,132,0,44,Estero,100264,100264,0,1.529174898,185
32127,121,0,89,Port Orange,65260,65260,2,1.518560086,186
33473,0,0,19,Boynton Beach,148776,148776,0,1.514503322,187
34695,30,0,36,Safety Harbor,96138,96138,1,1.512655244,188
33813,31,0,39,Lakeland,96723,96723,1,1.512409521,189
34683,170,0,98,Palm Harbor,90037,90037,0,1.511153456,190
32814,117,0,12,Orlando,129712,129712,0,1.510031889,191
33470,38,0,36,Loxahatchee,116758,116758,0,1.508497303,192
33543,27,0,17,Wesley Chapel,107565,107565,0,1.507781194,193
32256,77,0,55,Jacksonville,73203,73203,1,1.500851304,194
32169,164,0,70,New Smyrna Beach,99260,99260,0,1.498955898,195
33767,166,0,194,Clearwater Beach,105662,105662,0,1.495456624,196
32361,0,0,0,Wacissa,120000,120000,0,1.494087069,197
33036,246,0,231,Islamorada,88214,88214,0,1.489630381,198
33584,148,0,15,Seffner,68330,68330,2,1.489438503,199
33137,185,0,57,Miami,82798,82798,0,1.488374192,200
32953,44,0,100,Merritt Island,84248,84248,1,1.476854619,201
32461,11,0,3,Inlet Beach,146393,146393,1,1.476782555,202
32934,37,0,27,Melbourne,102871,102871,1,1.47470538,203
33463,0,0,21,Lake Worth,68697,68697,2,1.469998583,204
34744,45,0,21,Kissimmee,69837,69837,2,1.467945403,205
32226,0,0,56,Jacksonville,109375,109375,1,1.466645998,206
33708,131,0,192,Saint Petersburg,83773,83773,0,1.466359135,207
32095,13,0,33,Saint Augustine,124556,124556,0,1.463329765,208
33317,26,0,104,Fort Lauderdale,84239,84239,1,1.462486686,209
33305,260,0,90,Fort Lauderdale,89944,89944,0,1.457849513,210
34238,136,0,47,Sarasota,94583,94583,0,1.457434348,211
32233,267,0,56,Atlantic Beach,81586,81586,0,1.456625949,212
33193,16,0,21,Miami,74646,74646,2,1.455714653,213
33786,112,0,33,Belleair Beach,140417,140417,0,1.450068463,214
33023,21,0,23,Hollywood,70003,70003,2,1.448534316,215
34994,147,0,214,Stuart,62895,62895,0,1.444716045,216
33713,36,0,23,Saint Petersburg,69704,69704,2,1.441958638,217
33071,94,0,53,Coral Springs,100279,100279,0,1.441353382,218
33016,32,0,78,Hialeah,56633,56633,2,1.440580886,219
33602,102,0,67,Tampa,88569,88569,0,1.440531134,220
33544,0,0,17,Wesley Chapel,103134,103134,1,1.433885893,221
34293,95,0,71,Venice,87543,87543,0,1.429857334,222
32579,44,0,55,Shalimar,98014,98014,1,1.42941825,223
34223,247,0,74,Englewood,70155,70155,1,1.42879194,224
34229,138,0,109,Osprey,93949,93949,1,1.425447196,225
34982,46,0,42,Fort Pierce,54025,54025,3,1.425282676,226
33155,63,0,115,Miami,79271,79271,0,1.420713401,227
33428,24,0,35,Boca Raton,85939,85939,0,1.419750947,228
34771,32,0,18,Saint Cloud,101434,101434,1,1.418366729,229
33175,119,0,140,Miami,79711,79711,0,1.415821143,230
33579,14,0,10,Riverview,113568,113568,0,1.415806792,231
34241,95,0,43,Sarasota,113114,113114,0,1.411869159,232
32550,172,0,55,Miramar Beach,96269,96269,0,1.409467116,233
33462,258,0,110,Lake Worth,72288,72288,0,1.407764961,234
32065,15,0,26,Orange Park,92842,92842,1,1.406419231,235
32207,219,0,53,Jacksonville,60875,60875,1,1.401821567,236
33060,80,0,208,Pompano Beach,59757,59757,1,1.401180223,237
33702,70,0,112,Saint Petersburg,65503,65503,1,1.400706192,238
34221,140,0,168,Palmetto,74314,74314,0,1.397945377,239
32566,34,0,51,Navarre,99501,99501,0,1.396825994,240
33404,113,0,162,West Palm Beach,60225,60225,1,1.390828854,241
33042,127,0,153,Summerland Key,101625,101625,0,1.390096358,242
32224,54,0,80,Jacksonville,80774,80774,0,1.386493643,243
32825,16,0,13,Orlando,79942,79942,1,1.386313042,244
33165,30,0,74,Miami,84086,84086,0,1.38451478,245
33930,0,0,2,Felda,138222,138222,0,1.38290103,246
32803,69,0,14,Orlando,101401,101401,0,1.382095639,247
34211,11,0,22,Bradenton,118565,118565,0,1.379707886,248
32707,59,0,21,Casselberry,66780,66780,2,1.372151089,249
33027,23,0,64,Hollywood,73450,73450,0,1.363378834,250
32827,61,0,11,Orlando,112026,112026,0,1.361577591,251
33132,27,0,45,Miami,109505,109505,0,1.360145876,252
33145,61,0,52,Miami,70592,70592,1,1.360080925,253
32605,33,0,17,Gainesville,83114,83114,1,1.356085327,254
33185,13,0,48,Miami,107146,107146,0,1.352932551,255
33919,71,0,187,Fort Myers,73336,73336,0,1.351639124,256
33065,30,0,37,Coral Springs,70435,70435,1,1.351198943,257
33173,26,0,71,Miami,83053,83053,0,1.349940417,258
33407,92,0,39,West Palm Beach,56606,56606,2,1.349463376,259
34239,259,0,77,Sarasota,76378,76378,0,1.348042661,260
33435,299,0,142,Boynton Beach,66612,66612,0,1.347828909,261
32837,22,0,20,Orlando,86649,86649,1,1.344514338,262
33810,13,0,15,Lakeland,69738,69738,2,1.343041361,263
34210,133,0,60,Bradenton,64306,64306,1,1.340170422,264
33880,109,0,9,Winter Haven,56803,56803,2,1.331505655,265
33436,118,0,56,Boynton Beach,76011,76011,0,1.329248382,266
33596,24,0,22,Valrico,112305,112305,0,1.328832538,267
33618,102,0,35,Tampa,79850,79850,0,1.321912828,268
32168,94,0,71,New Smyrna Beach,72967,72967,1,1.320958614,269
34652,25,0,141,New Port Richey,52396,52396,2,1.318464344,270
33615,44,0,73,Tampa,66257,66257,1,1.313612127,271
33026,15,0,33,Hollywood,87149,87149,0,1.308809771,272
34484,32,0,2,Oxford,90826,90826,0,1.307769235,273
32084,106,0,146,Saint Augustine,72965,72965,0,1.306472241,274
32835,19,0,16,Orlando,70183,70183,1,1.302865535,275
33884,139,0,16,Winter Haven,70516,70516,1,1.301478425,276
32926,49,0,27,Cocoa,65092,65092,2,1.300287097,277
33009,115,0,145,Hallandale,48196,48196,1,1.297664923,278
33166,94,0,101,Miami,78166,78166,0,1.297523287,279
32801,21,0,37,Orlando,77626,77626,1,1.29651812,280
33311,34,0,21,Fort Lauderdale,51918,51918,2,1.296338817,281
33569,28,0,44,Riverview,97500,97500,0,1.295348679,282
32950,6,0,19,Malabar,122905,122905,0,1.292371488,283
33187,21,0,44,Miami,113498,113498,0,1.291366088,284
33511,31,0,39,Brandon,77383,77383,0,1.288286512,285
34233,29,0,37,Sarasota,77041,77041,1,1.286783957,286
33401,158,0,90,West Palm Beach,60942,60942,0,1.283303228,287
33073,36,0,37,Pompano Beach,99269,99269,0,1.278926117,288
32218,31,0,22,Jacksonville,68363,68363,1,1.278796997,289
34639,6,0,28,Land O'Lakes,99959,99959,0,1.276871717,290
34679,0,0,3,Aripeka,33962,33962,0,1.275684275,291
32064,13,0,3,Live Oak,50315,50315,2,1.275176905,292
33594,0,0,34,Valrico,91969,91969,0,1.272333783,293
33434,98,0,33,Boca Raton,75480,75480,0,1.268044538,294
34714,18,0,6,Clermont,74470,74470,2,1.267484206,295
34120,0,0,32,Naples,90695,90695,0,1.266384618,296
32221,108,0,13,Jacksonville,82571,82571,1,1.264077779,297
33545,11,0,5,Wesley Chapel,108835,108835,0,1.263517628,298
32133,0,0,2,Eastlake Weir,157604,157604,0,1.263486531,299
34715,6,0,7,Clermont,97644,97644,1,1.262811093,300
34482,142,0,13,Ocala,71449,71449,1,1.26259582,301
33776,13,0,27,Seminole,101618,101618,0,1.26249569,302
33405,164,0,56,West Palm Beach,82945,82945,0,1.262012734,303
34984,51,0,46,Port Saint Lucie,79766,79766,1,1.255749734,304
33021,58,0,70,Hollywood,69249,69249,0,1.25291521,305
34201,70,0,9,Bradenton,124000,124000,0,1.249713562,306
32714,33,0,22,Altamonte Springs,67333,67333,1,1.249369611,307
33334,33,0,38,Fort Lauderdale,69512,69512,1,1.249269763,308
32806,46,0,29,Orlando,86653,86653,0,1.248717163,309
33142,34,0,36,Miami,37900,37900,3,1.24863534,310
33472,68,0,14,Boynton Beach,98289,98289,0,1.247517114,311
32720,34,0,38,Deland,67512,67512,1,1.247112524,312
34689,137,0,85,Tarpon Springs,66523,66523,0,1.247058655,313
32257,65,0,39,Jacksonville,75180,75180,0,1.246798006,314
32927,0,0,34,Cocoa,81969,81969,1,1.246514883,315
34736,0,0,5,Groveland,82478,82478,1,1.245455027,316
33773,28,0,11,Largo,74115,74115,1,1.243317038,318
32205,44,0,38,Jacksonville,60609,60609,1,1.243021252,319
33781,33,0,13,Pinellas Park,55378,55378,2,1.238188458,320
34113,118,0,68,Naples,76539,76539,0,1.237915273,321
32303,79,0,18,Tallahassee,63123,63123,1,1.236310459,322
34957,91,0,148,Jensen Beach,65658,65658,0,1.236303581,323
33764,37,0,41,Clearwater,64573,64573,1,1.229454802,324
32951,110,0,68,Melbourne Beach,88859,88859,0,1.228493191,325
33811,0,0,8,Lakeland,85821,85821,1,1.226464825,326
34949,44,0,146,Fort Pierce,92188,92188,0,1.225180842,327
33406,2,0,29,West Palm Beach,79696,79696,1,1.224204949,328
34698,50,0,100,Dunedin,67323,67323,0,1.223516391,329
32266,52,0,21,Neptune Beach,111025,111025,0,1.223243784,330
32949,33,0,24,Grant,126146,126146,0,1.222967318,331
34208,66,0,96,Bradenton,59899,59899,1,1.222306196,332
33931,101,0,138,Fort Myers Beach,80438,80438,0,1.221690035,333
34117,14,0,13,Naples,106155,106155,0,1.221537817,334
33617,25,0,23,Tampa,48651,48651,2,1.220316425,335
33785,62,0,72,Indian Rocks Beach,98750,98750,0,1.219731537,336
34637,0,0,8,Land O'Lakes,114328,114328,0,1.213889418,337
33194,0,0,9,Miami,119676,119676,0,1.212420745,338
34677,54,0,44,Oldsmar,85389,85389,0,1.212225408,339
33812,15,0,6,Lakeland,100569,100569,1,1.209539223,340
33991,8,0,33,Cape Coral,82927,82927,1,1.208209501,341
32327,74,0,50,Crawfordville,76714,76714,1,1.205268021,342
33710,40,0,53,Saint Petersburg,76908,76908,0,1.202821204,343
33444,141,0,45,Delray Beach,74803,74803,0,1.20135484,344
34232,31,0,36,Sarasota,81041,81041,0,1.199347319,345
34471,50,0,36,Ocala,60283,60283,1,1.198503172,346
32571,17,0,25,Milton,89137,89137,0,1.196109425,347
32935,41,0,63,Melbourne,63841,63841,1,1.195579454,348
34756,67,0,3,Montverde,124495,124495,0,1.195110296,349
33993,67,0,34,Cape Coral,89220,89220,0,1.19462188,350
33625,0,0,12,Tampa,83907,83907,0,1.192184296,351
33437,60,0,38,Boynton Beach,78941,78941,0,1.191633615,352
33952,62,0,92,Port Charlotte,56117,56117,1,1.190662569,353
34685,16,0,48,Palm Harbor,87658,87658,0,1.189835154,354
33777,48,0,25,Seminole,88680,88680,0,1.18754277,355
32408,130,0,71,Panama City,72322,72322,0,1.186725661,356
33445,67,0,46,Delray Beach,70748,70748,0,1.180262003,357
33125,80,0,34,Miami,40940,40940,2,1.177758353,358
33705,88,0,75,Saint Petersburg,70783,70783,0,1.177740202,359
32669,21,0,10,Newberry,102335,102335,0,1.170674563,360
32439,60,0,19,Freeport,77500,77500,1,1.170442621,361
33607,23,0,23,Tampa,66404,66404,1,1.170054152,362
33070,110,0,137,Tavernier,77228,77228,0,1.16907654,363
34285,104,0,64,Venice,67712,67712,0,1.168353191,364
33313,0,0,8,Fort Lauderdale,45408,45408,2,1.167675931,365
34114,59,0,56,Naples,81314,81314,0,1.167571149,366
34609,22,0,29,Spring Hill,79284,79284,1,1.167538082,367
32246,33,0,25,Jacksonville,78506,78506,0,1.162435529,368
32533,72,0,24,Cantonment,85459,85459,0,1.162251413,369
33441,81,0,140,Deerfield Beach,57257,57257,0,1.157769189,370
33179,211,0,38,Miami,61526,61526,0,1.15714763,371
32738,11,0,11,Deltona,76394,76394,1,1.157135944,372
33823,36,0,12,Auburndale,64248,64248,1,1.156877165,373
32503,54,0,79,Pensacola,67654,67654,0,1.154926855,374
32413,114,0,39,Panama City Beach,76010,76010,0,1.154711482,375
32569,59,0,26,Mary Esther,73762,73762,1,1.152990706,376
33306,167,0,65,Fort Lauderdale,82375,82375,0,1.149700349,377
32653,20,0,12,Gainesville,97700,97700,0,1.147274291,378
32208,15,0,15,Jacksonville,39873,39873,2,1.144691423,379
34112,97,0,75,Naples,68838,68838,0,1.143375315,380
32732,12,0,9,Geneva,112222,112222,0,1.143304711,381
34217,60,0,49,Bradenton Beach,90278,90278,0,1.142283596,382
32176,131,0,43,Ormond Beach,72248,72248,0,1.13711048,383
32920,29,0,73,Cape Canaveral,70734,70734,0,1.136125597,384
33322,14,0,38,Fort Lauderdale,69037,69037,0,1.136002366,385
33616,4,0,25,Tampa,88971,88971,0,1.135734693,386
33051,30,0,46,Key Colony Beach,94531,94531,0,1.131300047,387
33610,0,0,5,Tampa,49765,49765,2,1.129707315,388
32606,59,0,15,Gainesville,79888,79888,0,1.129244634,389
34797,0,0,6,Yalaha,127616,127616,0,1.129158185,390
32506,34,0,40,Pensacola,59978,59978,1,1.128132387,391
32444,24,0,71,Lynn Haven,89508,89508,0,1.127373121,392
34286,13,0,10,North Port,74712,74712,1,1.12598301,393
33426,43,0,23,Boynton Beach,76328,76328,0,1.124899655,394
32713,0,0,24,Debary,87354,87354,0,1.124825438,395
34237,0,0,16,Sarasota,63133,63133,1,1.124696412,396
32119,120,0,27,Daytona Beach,53795,53795,1,1.124256321,397
33066,0,0,20,Pompano Beach,56721,56721,1,1.124183205,398
33031,8,0,32,Homestead,107460,107460,0,1.123957168,399
32277,54,0,22,Jacksonville,60215,60215,1,1.121499516,400
32068,0,0,35,Middleburg,82410,82410,0,1.118968337,401
33170,0,0,10,Miami,68953,68953,1,1.117298764,402
32193,0,0,13,Welaka,55441,55441,0,1.116515488,403
34601,26,0,12,Brooksville,56365,56365,1,1.114278031,404
33182,22,0,21,Miami,96992,96992,0,1.112507016,405
32960,46,0,63,Vero Beach,52350,52350,1,1.108840722,406
34203,33,0,35,Bradenton,68030,68030,0,1.10840322,407
33177,28,0,34,Miami,77297,77297,0,1.105334556,408
32407,15,0,43,Panama City Beach,79052,79052,0,1.104056505,409
32086,25,0,60,Saint Augustine,74508,74508,0,1.103916579,410
33770,98,0,62,Largo,58071,58071,0,1.101313317,411
32778,26,0,19,Tavares,61815,61815,1,1.0996459,412
33510,9,0,12,Brandon,71057,71057,1,1.099619355,413
33576,30,0,6,San Antonio,77950,77950,1,1.098196506,414
33772,30,0,54,Seminole,74026,74026,0,1.097758044,415
32812,30,0,28,Orlando,74245,74245,0,1.097077385,416
33761,0,0,40,Clearwater,71839,71839,0,1.096868387,417
32073,0,0,68,Orange Park,76139,76139,0,1.096714941,418
32692,0,0,1,Suwannee,71481,71481,0,1.095327399,419
33144,20,0,31,Miami,59207,59207,1,1.094488314,420
33181,120,0,169,Miami,56473,56473,0,1.093410526,421
33774,35,0,33,Largo,76769,76769,0,1.092582481,422
33809,53,0,16,Lakeland,67112,67112,1,1.091995606,423
32547,67,0,74,Fort Walton Beach,67822,67822,0,1.091655359,424
32773,22,0,12,Sanford,63496,63496,1,1.091230474,425
33763,41,0,19,Clearwater,53552,53552,1,1.090398787,426
32780,42,0,65,Titusville,64670,64670,0,1.090345188,427
33043,39,0,63,Big Pine Key,92955,92955,0,1.08848661,428
33619,0,0,22,Tampa,63193,63193,1,1.084397255,429
32750,11,0,18,Longwood,85227,85227,0,1.082203382,430
33484,146,0,37,Delray Beach,56942,56942,0,1.080109266,431
33711,46,0,132,Saint Petersburg,68295,68295,0,1.078009252,432
32824,30,0,7,Orlando,80177,80177,0,1.074087886,433
32725,39,0,35,Deltona,70801,70801,0,1.073330782,434
32097,63,0,30,Yulee,89270,89270,0,1.07221349,435
33853,3,0,4,Lake Wales,40938,40938,2,1.071812974,436
33183,24,0,46,Miami,67741,67741,0,1.070030639,437
32536,10,0,36,Crestview,82643,82643,0,1.069559346,438
33549,29,0,27,Lutz,85066,85066,0,1.06944611,439
32608,53,0,20,Gainesville,60182,60182,0,1.069277538,440
32114,0,0,47,Daytona Beach,39906,39906,2,1.06714254,441
32807,25,0,9,Orlando,59583,59583,1,1.067128156,442
32724,36,0,30,Deland,72729,72729,0,1.065742037,443
33415,25,0,14,West Palm Beach,57199,57199,1,1.064681286,444
34952,28,0,101,Port Saint Lucie,60123,60123,0,1.064425411,445
33966,0,0,12,Fort Myers,86812,86812,0,1.063792612,446
32405,32,0,57,Panama City,71002,71002,0,1.063565926,447
33990,14,0,93,Cape Coral,70278,70278,0,1.063366397,448
33056,33,0,0,Miami Gardens,62255,62255,1,1.061541287,449
32967,44,0,77,Vero Beach,73875,73875,0,1.061402179,450
32548,56,0,81,Fort Walton Beach,63857,63857,0,1.059973037,451
33905,15,0,100,Fort Myers,70009,70009,0,1.058470269,452
33881,77,0,12,Winter Haven,53867,53867,1,1.056360133,453
33567,0,0,8,Plant City,85737,85737,1,1.055904678,454
32164,40,0,25,Palm Coast,71738,71738,0,1.052618006,456
33054,16,0,13,Opa Locka,42779,42779,2,1.051883913,457
33032,0,0,21,Homestead,74995,74995,0,1.051405298,458
33762,6,0,32,Clearwater,91024,91024,0,1.050862093,459
34983,0,0,69,Port Saint Lucie,72787,72787,0,1.050548665,460
33184,37,0,30,Miami,77443,77443,0,1.050006748,461
33135,32,0,9,Miami,37757,37757,2,1.048792543,462
33967,11,0,18,Fort Myers,84787,84787,0,1.046576153,463
33130,0,0,17,Miami,57933,57933,0,1.045926737,464
34734,0,0,0,Gotha,80625,80625,1,1.045741786,465
33903,45,0,126,North Fort Myers,56317,56317,0,1.044349986,466
33621,0,0,2,Tampa,117880,117880,0,1.04059625,467
32311,14,0,10,Tallahassee,80250,80250,0,1.040122576,468
33598,0,0,13,Wimauma,91649,91649,0,1.040007135,469
34292,10,0,46,Venice,80274,80274,0,1.03812544,470
32128,11,0,50,Port Orange,84164,84164,0,1.036175179,471
33169,22,0,13,Miami,59686,59686,1,1.033707212,472
32810,24,0,12,Orlando,58462,58462,1,1.030360235,473
33870,11,0,11,Sebring,50606,50606,1,1.030144402,474
32583,16,0,32,Milton,84957,84957,0,1.029361915,475
34138,0,0,1,Chokoloskee,95712,95712,0,1.028683172,476
32909,0,0,15,Palm Bay,76708,76708,0,1.027368199,477
34104,51,0,43,Naples,70301,70301,0,1.026708233,478
32024,0,0,11,Lake City,62066,62066,1,1.026284111,479
33033,7,0,22,Homestead,66662,66662,0,1.025951033,480
33309,28,0,71,Fort Lauderdale,73496,73496,0,1.025925642,481
32531,0,0,7,Baker,81313,81313,0,1.025498551,482
33860,54,0,4,Mulberry,62779,62779,1,1.023928567,483
32570,0,0,24,Milton,73615,73615,0,1.0223424,484
33122,0,0,21,Miami,83152,83152,0,1.021026154,485
34216,4,0,17,Anna Maria,99188,99188,0,1.020930545,486
32504,16,0,36,Pensacola,74067,74067,0,1.020924032,487
33909,0,0,19,Cape Coral,79096,79096,0,1.020842776,488
33563,14,0,6,Plant City,56318,56318,1,1.018683976,489
32968,38,0,27,Vero Beach,87801,87801,0,1.018559567,490
32817,0,0,22,Orlando,78546,78546,0,1.018537286,491
34137,0,0,0,Copeland,81228,81228,0,1.016488067,492
32820,0,0,10,Orlando,103675,103675,0,1.016056106,493
32805,0,0,5,Orlando,39425,39425,2,1.015831886,494
34769,11,0,10,Saint Cloud,58764,58764,1,1.014752584,495
34604,0,0,7,Brooksville,85111,85111,0,1.01361606,496
32404,51,0,62,Panama City,72208,72208,0,1.013534431,497
32401,86,0,104,Panama City,49901,49901,0,1.01154139,498
32830,0,0,0,Orlando,126250,126250,0,1.010297187,499
32833,0,0,12,Orlando,91277,91277,0,1.010040328,500
34759,0,0,3,Kissimmee,62373,62373,1,1.009201432,501
32514,18,0,40,Pensacola,66484,66484,0,1.00749306,502
34772,3,0,17,Saint Cloud,86900,86900,0,1.00409959,503
32784,0,0,9,Umatilla,69633,69633,1,1.003789075,504
32033,0,0,7,Elkton,83901,83901,0,1.003389529,505
32922,19,0,41,Cocoa,46138,46138,1,1.002708883,506
34746,0,0,13,Kissimmee,67677,67677,0,1.001921846,507
32798,0,0,1,Zellwood,60337,60337,1,1.001905783,508
33069,0,0,35,Pompano Beach,57462,57462,1,1.001798559,509
32829,0,0,3,Orlando,94138,94138,0,0.999475199,510
33635,0,0,10,Tampa,83843,83843,0,0.998683427,511
34981,37,0,4,Fort Pierce,64052,64052,1,0.998659519,512
33634,0,0,57,Tampa,69185,69185,0,0.997677465,513
33321,16,0,28,Fort Lauderdale,60013,60013,0,0.995254148,514
32060,31,0,4,Live Oak,56702,56702,1,0.995107077,515
33920,28,0,40,Alva,87601,87601,0,0.994620782,516
34684,32,0,39,Palm Harbor,67542,67542,0,0.993852621,517
34748,47,0,19,Leesburg,53768,53768,1,0.993556446,518
34739,0,0,0,Kenansville,107686,107686,0,0.989490243,519
34291,0,0,6,North Port,88109,88109,0,0.988371958,520
34480,67,0,12,Ocala,75334,75334,0,0.986387328,521
33954,0,0,13,Port Charlotte,83081,83081,0,0.984485866,522
32901,10,0,38,Melbourne,50646,50646,1,0.982774095,523
32580,0,0,10,Valparaiso,85385,85385,0,0.980321535,524
32615,43,0,9,Alachua,79983,79983,0,0.978967711,525
32118,47,0,57,Daytona Beach,60418,60418,0,0.978250585,526
32526,14,0,47,Pensacola,71651,71651,0,0.977855241,527
33559,40,0,10,Lutz,78264,78264,0,0.976991353,528
32220,0,0,5,Jacksonville,80236,80236,0,0.975642176,529
33172,22,0,42,Miami,61733,61733,0,0.974551257,530
33025,0,0,22,Hollywood,68120,68120,0,0.972552794,531
32907,23,0,23,Palm Bay,71827,71827,0,0.972460197,532
32763,16,0,9,Orange City,64022,64022,0,0.971746984,533
32124,0,0,13,Daytona Beach,89842,89842,0,0.970670939,534
33573,17,0,36,Sun City Center,68431,68431,0,0.968867188,535
32145,0,0,5,Hastings,81931,81931,0,0.966662081,536
33314,72,0,39,Fort Lauderdale,63791,63791,0,0.96609997,537
32132,21,0,14,Edgewater,53860,53860,1,0.965217337,538
33901,41,0,57,Fort Myers,51579,51579,0,0.9649096,539
33946,32,0,49,Placida,93466,93466,0,0.961963356,540
34653,1,0,18,New Port Richey,47660,47660,1,0.959952599,541
33839,0,0,3,Eagle Lake,93229,93229,0,0.959217825,542
34235,0,0,23,Sarasota,72948,72948,0,0.959124048,543
33004,8,0,86,Dania,50783,50783,0,0.957200297,544
32501,32,0,50,Pensacola,39127,39127,1,0.956881474,545
33527,59,0,6,Dover,77658,77658,0,0.956819965,546
33917,54,0,66,North Fort Myers,54198,54198,0,0.955603907,547
32958,28,0,62,Sebastian,68276,68276,0,0.954728802,548
32607,67,0,17,Gainesville,46517,46517,1,0.954338335,549
33922,0,0,35,Bokeelia,68579,68579,0,0.953681953,550
33837,16,0,7,Davenport,75861,75861,0,0.953615765,551
32539,65,0,12,Crestview,72521,72521,0,0.953567298,552
33805,11,0,7,Lakeland,55565,55565,1,0.95065942,553
33612,27,0,13,Tampa,43919,43919,1,0.948039357,554
34251,12,0,11,Myakka City,86487,86487,0,0.946901363,555
33803,29,0,37,Lakeland,63180,63180,0,0.9464836,556
33413,60,0,10,West Palm Beach,80527,80527,0,0.944046296,557
34205,38,0,55,Bradenton,51170,51170,0,0.943875762,558
33755,0,0,22,Clearwater,59613,59613,0,0.940399999,559
33174,52,0,26,Miami,59599,59599,0,0.940249393,560
32696,44,0,6,Williston,56944,56944,1,0.940228378,561
33603,16,0,18,Tampa,64632,64632,0,0.940221505,562
33189,16,0,22,Miami,66487,66487,0,0.937953692,563
33460,62,0,41,Lake Worth Beach,61702,61702,0,0.93764042,564
32129,52,0,15,Port Orange,65936,65936,0,0.936985121,565
32456,6,0,18,Port Saint Joe,73723,73723,0,0.93611905,566
32764,18,0,8,Osteen,84242,84242,0,0.934940756,567
32301,13,0,24,Tallahassee,50412,50412,1,0.934151276,568
34288,0,0,16,North Port,78750,78750,0,0.933931597,569
32744,5,0,4,Lake Helen,95096,95096,0,0.931366109,570
32244,32,0,24,Jacksonville,61652,61652,0,0.929886129,571
32463,0,0,0,Wausau,62125,62125,0,0.928680195,572
32962,0,0,48,Vero Beach,65137,65137,0,0.926621226,573
33782,67,0,13,Pinellas Park,65487,65487,0,0.925472774,574
34289,0,0,1,North Port,93952,93952,0,0.925386729,575
33570,43,0,36,Ruskin,69048,69048,0,0.924635868,576
32966,23,0,33,Vero Beach,63144,63144,0,0.924589735,577
32701,0,0,15,Altamonte Springs,62008,62008,0,0.923132225,578
32736,0,0,8,Eustis,83727,83727,0,0.922972837,579
33850,0,0,3,Lake Alfred,53877,53877,1,0.922058125,580
34420,0,0,5,Belleview,52551,52551,1,0.92189409,581
33759,11,0,61,Clearwater,63804,63804,0,0.921661998,582
34470,27,0,13,Ocala,49592,49592,1,0.920402927,583
33020,21,0,46,Hollywood,52535,52535,0,0.919718827,584
34987,23,0,16,Port Saint Lucie,79560,79560,0,0.918284479,585
33716,0,0,23,Saint Petersburg,73576,73576,0,0.915339917,586
34287,48,0,16,North Port,64229,64229,0,0.914919636,587
34116,8,0,13,Naples,69204,69204,0,0.91482925,588
34681,35,0,14,Crystal Beach,68000,68000,0,0.914577692,589
33592,59,0,15,Thonotosassa,65683,65683,0,0.914358223,590
33771,101,0,19,Largo,60139,60139,0,0.911185864,591
33534,23,0,7,Gibsonton,73600,73600,0,0.910350148,592
33712,30,0,30,Saint Petersburg,57729,57729,0,0.909723159,593
33525,71,0,14,Dade City,69697,69697,0,0.90960408,594
33168,27,0,7,Miami,58636,58636,1,0.906571745,595
33351,14,0,11,Fort Lauderdale,68996,68996,0,0.906220111,596
32222,9,0,10,Jacksonville,82782,82782,0,0.904796369,597
32796,11,0,34,Titusville,67399,67399,0,0.901396322,598
32321,0,0,1,Bristol,53491,53491,1,0.90110793,599
33897,0,0,2,Davenport,73457,73457,0,0.898178749,600
32136,76,0,38,Flagler Beach,72589,72589,0,0.896688207,601
32141,34,0,34,Edgewater,61110,61110,0,0.895199108,602
32622,0,0,0,Brooker,67587,67587,0,0.894428582,603
33947,12,0,21,Rotonda West,73453,73453,0,0.892243507,604
34951,14,0,30,Fort Pierce,63214,63214,0,0.892008796,605
33844,71,0,6,Haines City,60426,60426,0,0.890837579,606
34610,20,0,19,Spring Hill,73878,73878,0,0.890530029,607
32113,29,0,3,Citra,62401,62401,1,0.889986609,608
32735,0,0,1,Grand Island,68503,68503,0,0.889298032,609
32254,57,0,4,Jacksonville,36449,36449,1,0.888901144,610
32905,31,0,28,Palm Bay,56671,56671,0,0.888341935,611
34491,59,0,10,Summerfield,65900,65900,0,0.887513934,612
32053,0,0,0,Jennings,40750,40750,2,0.885231177,613
33981,30,0,54,Port Charlotte,71266,71266,0,0.883781698,614
34667,37,0,78,Hudson,51106,51106,0,0.882982346,615
33523,59,0,16,Dade City,60897,60897,0,0.882444578,616
32139,0,0,3,Georgetown,56806,56806,0,0.881964956,617
32131,73,0,17,East Palatka,66580,66580,0,0.881776737,618
32502,27,0,28,Pensacola,67548,67548,0,0.881702285,619
33442,0,0,53,Deerfield Beach,53413,53413,0,0.881177979,620
34207,95,0,39,Bradenton,49162,49162,0,0.880740349,621
32157,9,0,0,Lake Como,32057,32057,0,0.880153521,622
33778,36,0,12,Largo,63633,63633,0,0.879738443,623
33709,35,0,23,Saint Petersburg,52621,52621,0,0.87876146,624
32011,0,0,6,Callahan,77121,77121,0,0.876802625,625
33801,0,0,11,Lakeland,49210,49210,1,0.875622727,626
33403,26,0,30,West Palm Beach,69050,69050,0,0.875257475,627
33948,27,0,94,Port Charlotte,60788,60788,0,0.874352356,628
34222,55,0,24,Ellenton,66105,66105,0,0.873628316,629
32664,6,0,0,McIntosh,68523,68523,0,0.871594527,630
33971,12,0,7,Lehigh Acres,72784,72784,0,0.871539633,631
33190,0,0,9,Miami,75876,75876,0,0.870476209,632
33585,11,0,1,Sumterville,80972,80972,0,0.870371535,633
33565,47,0,12,Plant City,67403,67403,0,0.870009088,634
33417,2,0,16,West Palm Beach,50077,50077,0,0.869838707,635
34234,55,0,19,Sarasota,56607,56607,0,0.866645014,636
33461,44,0,21,Lake Worth,61218,61218,0,0.866066342,637
34474,9,0,8,Ocala,62150,62150,0,0.864436334,638
33604,11,0,15,Tampa,55988,55988,0,0.863381118,639
34788,125,0,12,Leesburg,57477,57477,0,0.862436728,640
34602,13,0,3,Brooksville,72054,72054,0,0.862183888,641
33873,0,0,4,Wauchula,51311,51311,1,0.862136069,642
33956,31,0,85,Saint James City,64539,64539,0,0.861951703,643
33126,0,0,39,Miami,55722,55722,0,0.861817145,644
33013,0,0,26,Hialeah,57242,57242,0,0.860067431,645
32333,41,0,6,Havana,56968,56968,0,0.860012889,646
33868,21,0,3,Polk City,74048,74048,0,0.859380998,647
33875,16,0,5,Sebring,76990,76990,0,0.859311216,648
34731,9,0,8,Fruitland Park,63329,63329,0,0.857316293,649
32822,18,0,8,Orlando,52944,52944,0,0.857059242,650
33765,25,0,17,Clearwater,61910,61910,0,0.856283034,651
34224,0,0,54,Englewood,56862,56862,0,0.853481901,652
34654,14,0,17,New Port Richey,64210,64210,0,0.852907141,653
32667,19,0,6,Micanopy,79440,79440,0,0.852751622,654
33613,173,0,27,Tampa,44642,44642,0,0.850933355,655
33161,46,0,26,Miami,55265,55265,0,0.850880571,656
32759,4,0,8,Oak Hill,61968,61968,0,0.849872789,657
33983,0,0,27,Punta Gorda,67705,67705,0,0.849295948,658
34608,9,0,10,Spring Hill,62197,62197,0,0.848040341,659
32040,8,0,3,Glen Saint Mary,76667,76667,0,0.847341408,660
33542,137,0,4,Zephyrhills,49011,49011,0,0.845525656,661
32435,43,0,7,Defuniak Springs,63017,63017,0,0.844502283,662
32726,25,0,15,Eustis,60750,60750,0,0.84393849,663
33035,0,0,10,Homestead,67601,67601,0,0.841660425,664
32767,0,0,3,Paisley,64772,64772,0,0.841626556,665
32009,0,0,1,Bryceville,77826,77826,0,0.841599914,666
32328,32,0,10,Eastpoint,67833,67833,0,0.841087656,667
33566,32,0,17,Plant City,71161,71161,0,0.840480885,668
33614,0,0,23,Tampa,51143,51143,0,0.840060411,669
33851,3,0,0,Lake Hamilton,77557,77557,0,0.838773844,670
34743,0,0,6,Kissimmee,59186,59186,0,0.838524361,671
32693,27,0,2,Trenton,64128,64128,0,0.836658364,672
33760,24,0,15,Clearwater,59489,59489,0,0.836351175,673
33055,93,0,10,Opa Locka,59728,59728,0,0.834412756,674
33127,5,0,7,Miami,41125,41125,1,0.8314032,675
32211,0,0,23,Jacksonville,55208,55208,0,0.830272171,676
33972,0,0,6,Lehigh Acres,73239,73239,0,0.829868259,677
33982,0,0,26,Punta Gorda,68514,68514,0,0.828332243,678
33825,18,0,4,Avon Park,46604,46604,1,0.826020636,679
32117,32,0,16,Daytona Beach,52132,52132,0,0.82600061,680
32809,79,0,24,Orlando,52203,52203,0,0.825593438,681
34947,16,0,5,Fort Pierce,44985,44985,1,0.824438682,682
34607,13,0,59,Spring Hill,61221,61221,0,0.82427004,683
33953,9,0,20,Port Charlotte,77227,77227,0,0.823769664,684
33409,18,0,26,West Palm Beach,65206,65206,0,0.82375184,685
34429,13,0,25,Crystal River,57716,57716,0,0.819275768,686
32709,0,0,2,Christmas,83015,83015,0,0.817375139,687
32304,47,0,3,Tallahassee,30823,30823,2,0.816424793,688
33907,41,0,48,Fort Myers,49826,49826,0,0.815859511,689
34476,14,0,14,Ocala,65429,65429,0,0.815615468,690
32534,0,0,24,Pensacola,59013,59013,0,0.81286865,691
32565,0,0,2,Jay,76838,76838,0,0.812013851,692
34481,58,0,11,Ocala,54639,54639,0,0.811404909,693
32626,0,0,4,Chiefland,49643,49643,0,0.810259294,694
34613,14,0,25,Brooksville,56175,56175,0,0.809902619,695
32358,0,0,5,Sopchoppy,73304,73304,0,0.809105076,696
34473,9,0,2,Ocala,70559,70559,0,0.807545513,697
32925,0,0,6,Patrick Air Force Base,82829,82829,0,0.807173204,698
34472,66,0,6,Ocala,61635,61635,0,0.805103133,699
34433,30,0,2,Dunnellon,70024,70024,0,0.804607556,700
34139,0,0,5,Everglades City,76250,76250,0,0.803484376,701
33830,8,0,6,Bartow,62636,62636,0,0.803119808,702
33068,11,0,10,Pompano Beach,63688,63688,0,0.801789158,703
32063,46,0,2,Macclenny,66453,66453,0,0.801677978,704
32464,0,0,3,Westville,57056,57056,0,0.798352218,705
32643,0,0,7,High Springs,69871,69871,0,0.798038654,706
33162,66,0,23,Miami,55993,55993,0,0.797440829,707
33167,16,0,5,Miami,59494,59494,0,0.794941214,708
32219,14,0,6,Jacksonville,65104,65104,0,0.794884159,709
34614,0,0,5,Brooksville,79560,79560,0,0.794322969,710
33147,81,0,11,Miami,47728,47728,0,0.793958993,711
33039,0,0,0,Homestead,66571,66571,0,0.793739054,712
32839,15,0,3,Orlando,50814,50814,0,0.792578941,713
32970,0,0,1,Wabasso,41394,41394,0,0.790813796,714
32697,0,0,1,Worthington Springs,82083,82083,0,0.790521281,715
33916,0,0,19,Fort Myers,49353,49353,0,0.789283148,716
32061,0,0,0,Lulu,87273,87273,0,0.788155956,717
34446,10,0,18,Homosassa,60625,60625,0,0.783493899,718
32334,10,0,1,Hosford,55380,55380,0,0.779829429,719
34668,26,0,33,Port Richey,45760,45760,0,0.778307132,720
33974,36,0,2,Lehigh Acres,65809,65809,0,0.777222347,721
34453,0,0,6,Inverness,58064,58064,0,0.776821793,722
32054,0,0,2,Lake Butler,67044,67044,0,0.772708659,723
33980,9,0,17,Punta Gorda,61871,61871,0,0.772523682,724
33714,27,0,13,Saint Petersburg,47221,47221,0,0.772104459,725
34442,26,0,13,Hernando,55473,55473,0,0.770502711,726
33872,0,0,7,Sebring,68086,68086,0,0.76971262,727
33513,36,0,2,Bushnell,59497,59497,0,0.768752436,728
32094,0,0,4,Wellborn,74423,74423,0,0.764111763,729
34450,36,0,10,Inverness,48955,48955,0,0.762688725,730
33865,14,0,0,Ona,62188,62188,0,0.761514648,731
32908,0,0,4,Palm Bay,66589,66589,0,0.761011215,732
32427,0,0,0,Caryville,55227,55227,0,0.760710908,733
34452,11,0,2,Inverness,58199,58199,0,0.760572291,734
34945,0,0,9,Fort Pierce,72941,72941,0,0.76025741,735
32466,0,0,0,Youngstown,64699,64699,0,0.758130606,736
33898,48,0,8,Lake Wales,54778,54778,0,0.75748454,737
32055,0,0,12,Lake City,57328,57328,0,0.756718051,738
33010,0,0,23,Hialeah,45449,45449,0,0.754711009,739
32130,0,0,11,De Leon Springs,59288,59288,0,0.753727779,740
32102,0,0,20,Astor,56598,56598,0,0.753614295,741
33637,0,0,6,Tampa,60526,60526,0,0.753594835,742
32204,0,0,15,Jacksonville,54462,54462,0,0.75356346,743
34737,21,0,5,Howey In The Hills,67237,67237,0,0.753496527,744
32658,0,0,3,La Crosse,88819,88819,0,0.753407777,745
32730,0,0,3,Casselberry,47154,47154,0,0.75215741,746
32567,19,0,5,Laurel Hill,66215,66215,0,0.750843231,747
32821,0,0,6,Orlando,59927,59927,0,0.74999008,748
32046,0,0,4,Hilliard,71750,71750,0,0.749458843,749
33935,58,0,34,Labelle,50184,50184,0,0.749311089,750
32409,0,0,16,Panama City,60687,60687,0,0.749192817,751
34773,0,0,3,Saint Cloud,64498,64498,0,0.748758138,752
32668,82,0,2,Morriston,55028,55028,0,0.748364222,753
34461,0,0,9,Lecanto,60795,60795,0,0.747497665,754
33514,0,0,0,Center Hill,73365,73365,0,0.747102185,755
33890,11,0,1,Zolfo Springs,70179,70179,0,0.746780538,756
32052,19,0,0,Jasper,48722,48722,1,0.745527956,757
33854,0,0,0,Lakeshore,33523,33523,0,0.743989379,758
34448,52,0,24,Homosassa,47526,47526,0,0.743965926,759
33540,12,0,4,Zephyrhills,55426,55426,0,0.740995741,760
33852,30,0,11,Lake Placid,54841,54841,0,0.740509748,761
33541,39,0,6,Zephyrhills,55556,55556,0,0.738744645,762
32206,36,0,4,Jacksonville,37585,37585,0,0.738645933,763
32446,7,0,0,Marianna,53505,53505,0,0.738582571,764
34465,0,0,9,Beverly Hills,55513,55513,0,0.738532546,765
34479,14,0,10,Ocala,54805,54805,0,0.737116782,766
34661,0,0,1,Nobleton,29132,29132,0,0.737073027,767
33493,0,0,3,South Bay,52404,52404,1,0.736877754,768
32355,6,0,4,Saint Marks,57083,57083,0,0.736844549,769
32619,2,0,6,Bell,62045,62045,0,0.734735446,770
32110,0,0,7,Bunnell,56277,56277,0,0.73428175,771
32564,44,0,4,Holt,68170,68170,0,0.732586534,772
32505,9,0,25,Pensacola,41039,41039,0,0.731483382,773
34269,0,0,4,Arcadia,54792,54792,0,0.729285439,774
32568,0,0,2,McDavid,76208,76208,0,0.726341195,775
32343,4,0,0,Midway,60735,60735,0,0.725883991,776
32811,7,0,5,Orlando,52124,52124,0,0.724408594,777
34669,24,0,10,Hudson,52648,52648,0,0.722559184,778
32336,0,0,0,Lamont,44293,44293,0,0.722260477,779
34606,0,0,18,Spring Hill,54730,54730,0,0.721806905,780
32618,27,0,7,Archer,52176,52176,0,0.72113022,781
33859,0,0,8,Lake Wales,61871,61871,0,0.719443263,782
32227,0,0,2,Jacksonville,84732,84732,0,0.719031109,783
34215,0,0,37,Cortez,76364,76364,0,0.718103021,784
32179,0,0,3,Ocklawaha,48214,48214,0,0.715040309,785
32180,22,0,2,Pierson,67083,67083,0,0.714416042,786
32087,0,0,0,Sanderson,74286,74286,0,0.713903448,787
32140,9,0,0,Florahome,35000,35000,0,0.711988007,788
34434,0,0,1,Dunnellon,56553,56553,0,0.711580601,789
32826,0,0,6,Orlando,61784,61784,0,0.710039196,790
32625,0,0,6,Cedar Key,59036,59036,0,0.707948641,791
32433,78,0,4,Defuniak Springs,51604,51604,0,0.707823178,792
32448,11,0,2,Marianna,42385,42385,0,0.706483321,793
32948,55,0,6,Fellsmere,60099,60099,0,0.703841574,794
34428,9,0,22,Crystal River,48185,48185,0,0.703310768,795
34946,9,0,58,Fort Pierce,40488,40488,0,0.703165651,796
32038,0,0,3,Fort White,58075,58075,0,0.701603156,797
32195,0,0,2,Weirsdale,61771,61771,0,0.70137802,798
32420,0,0,2,Alford,46455,46455,0,0.700627676,799
32344,33,0,3,Monticello,52222,52222,0,0.698231394,800
34741,0,0,13,Kissimmee,50278,50278,0,0.697306636,801
33849,0,0,0,Kathleen,69911,69911,0,0.696251706,802
32808,37,0,11,Orlando,47575,47575,0,0.696077,803
33976,0,0,1,Lehigh Acres,64211,64211,0,0.696015614,804
32062,11,0,2,McAlpin,54565,54565,0,0.695904526,805
34753,0,0,0,Mascotte,77477,77477,0,0.695237411,806
32025,16,0,2,Lake City,47074,47074,0,0.693093733,807
34956,31,0,15,Indiantown,57500,57500,0,0.690802519,808
34691,11,0,28,Holiday,48387,48387,0,0.68997859,809
32189,42,0,18,Satsuma,42566,42566,0,0.688185419,810
32465,7,0,7,Wewahitchka,59148,59148,0,0.682465573,811
34705,0,0,1,Astatula,64899,64899,0,0.681734265,812
32177,23,0,17,Palatka,47486,47486,0,0.68058612,813
32059,0,0,1,Lee,51193,51193,0,0.680090671,814
32066,37,0,3,Mayo,61650,61650,0,0.679311402,815
32686,86,0,2,Reddick,46793,46793,0,0.679027086,816
32044,0,0,1,Hampton,45865,45865,0,0.678616382,817
32621,11,0,2,Bronson,52840,52840,0,0.676770577,818
32410,0,0,1,Mexico Beach,63125,63125,0,0.676446103,819
33136,0,0,14,Miami,43481,43481,0,0.676042897,820
32577,24,0,7,Molino,62071,62071,0,0.67595669,821
32443,0,0,0,Greenwood,53795,53795,0,0.673609081,822
34431,49,0,2,Dunnellon,51542,51542,0,0.671697185,823
32202,0,0,16,Jacksonville,40070,40070,0,0.671470485,824
33847,0,0,0,Homeland,61500,61500,0,0.670464467,825
32428,0,0,7,Chipley,52234,52234,0,0.669148796,826
32322,0,0,21,Carrabelle,58030,58030,0,0.666220383,827
32187,14,0,8,San Mateo,50116,50116,0,0.6626992,828
32008,6,0,3,Branford,49277,49277,0,0.661172604,829
34436,0,0,4,Floral City,50139,50139,0,0.659998346,830
32346,12,0,5,Panacea,58382,58382,0,0.656296707,831
34690,16,0,5,Holiday,46167,46167,0,0.655459815,832
33834,0,0,1,Bowling Green,58364,58364,0,0.653822076,833
32181,0,0,2,Pomona Park,45147,45147,0,0.650780682,834
32320,0,0,9,Apalachicola,51750,51750,0,0.648239008,835
34762,0,0,0,The Villages,80601,80601,0,0.647953576,836
34488,0,0,3,Silver Springs,45239,45239,0,0.647808542,837
33960,40,0,1,Venus,37500,37500,0,0.644274511,838
32305,38,0,2,Tallahassee,47694,47694,0,0.64172282,839
32609,0,0,6,Gainesville,48121,48121,0,0.640654407,840
34498,11,0,6,Yankeetown,56875,56875,0,0.638660003,841
34432,30,0,5,Dunnellon,47711,47711,0,0.638406319,842
32190,0,0,1,Seville,73433,73433,0,0.638095475,843
34785,15,0,2,Wildwood,48004,48004,0,0.637072426,844
33001,1,0,11,Long Key,60750,60750,0,0.63497673,845
32096,0,0,1,White Springs,50000,50000,0,0.634539033,846
32071,0,0,2,O'Brien,49563,49563,0,0.632083068,847
32424,0,0,3,Blountstown,49890,49890,0,0.631439293,848
33876,0,0,2,Sebring,55490,55490,0,0.630135092,849
33538,0,0,4,Lake Panasoffkee,48951,48951,0,0.62953389,850
32976,12,0,15,Sebastian,47552,47552,0,0.628146453,851
33877,0,0,1,Waverly,78259,78259,0,0.627399283,853
32331,13,0,2,Greenville,53472,53472,0,0.627324882,854
32440,6,0,4,Graceville,53974,53974,0,0.624415299,855
32460,0,0,1,Sneads,46990,46990,0,0.623689575,856
32310,18,0,8,Tallahassee,38493,38493,0,0.623061546,857
32702,0,0,3,Altoona,51762,51762,0,0.622089617,858
33430,13,0,7,Belle Glade,48690,48690,0,0.620131304,859
33848,0,0,0,Intercession City,71189,71189,0,0.619876022,860
32348,0,0,2,Perry,48343,48343,0,0.619673044,861
33973,0,0,1,Lehigh Acres,57216,57216,0,0.618918252,862
32112,50,0,9,Crescent City,39247,39247,0,0.617462394,863
32209,7,0,5,Jacksonville,29468,29468,0,0.617272221,864
32617,8,0,4,Anthony,57297,57297,0,0.616471181,865
32148,0,0,3,Interlachen,45320,45320,0,0.614581929,866
32449,0,0,3,Wewahitchka,35379,35379,0,0.614275508,867
32351,23,0,4,Quincy,39219,39219,0,0.614215185,868
33150,15,0,2,Miami,40802,40802,0,0.613052162,869
32431,0,0,2,Cottondale,52270,52270,0,0.611777687,870
32680,30,0,5,Old Town,47547,47547,0,0.611316433,871
32542,0,0,1,Eglin Afb,69286,69286,0,0.610006718,872
33843,0,0,4,Frostproof,51358,51358,0,0.607005124,873
33605,5,0,14,Tampa,36790,36790,0,0.603836031,874
33030,27,0,37,Homestead,43231,43231,0,0.602673805,875
32421,0,0,1,Altha,45536,45536,0,0.598407768,876
33521,0,0,1,Coleman,55455,55455,0,0.593616661,877
33476,0,0,3,Pahokee,35619,35619,1,0.593394996,878
34475,17,0,5,Ocala,33515,33515,0,0.59072681,879
32324,0,0,1,Chattahoochee,42607,42607,0,0.589758266,880
33471,0,0,22,Moore Haven,36624,36624,0,0.588185406,881
33924,5,0,10,Captiva,63393,63393,0,0.587705908,882
32147,0,0,0,Hollister,35829,35829,0,0.585273387,883
33857,0,0,2,Lorida,47083,47083,0,0.58401833,884
33128,0,0,3,Miami,36308,36308,0,0.580147325,885
32455,10,0,3,Ponce De Leon,45110,45110,0,0.57745184,886
32430,0,0,0,Clarksville,57037,57037,0,0.57666178,887
33503,0,0,0,Balm,58125,58125,0,0.576484626,888
32437,22,0,1,Ebro,43472,43472,0,0.57229448,889
32462,18,0,0,Vernon,43581,43581,0,0.570008898,890
32438,10,0,0,Fountain,42417,42417,0,0.569450261,891
32508,0,0,2,Pensacola,65000,65000,0,0.568377885,892
33827,1,0,3,Babson Park,59776,59776,0,0.564095312,893
32445,0,0,0,Malone,48625,48625,0,0.554478462,894
33867,0,0,0,River Ranch,38958,38958,0,0.553216807,895
32641,0,0,2,Gainesville,36814,36814,0,0.551421919,896
33838,0,0,0,Dundee,44514,44514,0,0.549932946,897
32134,0,0,8,Fort McCoy,46429,46429,0,0.547841113,898
33815,27,0,5,Lakeland,36445,36445,0,0.547517271,899
32425,2,0,4,Bonifay,44651,44651,0,0.546626018,900
32403,0,0,4,Panama City,61500,61500,0,0.545259998,901
32535,3,0,1,Century,40318,40318,0,0.543221985,902
32340,19,0,6,Madison,43393,43393,0,0.543002493,903
34268,0,0,0,Nocatee,24292,24292,0,0.542226789,904
34950,9,0,35,Fort Pierce,32707,32707,0,0.541112202,905
32347,8,0,1,Perry,41750,41750,0,0.539016465,906
32083,0,0,1,Raiford,47354,47354,0,0.514359692,907
32423,0,0,0,Bascom,55191,55191,0,0.513686253,908
33856,0,0,0,Nalcrest,38226,38226,0,0.508147914,909
32442,0,0,0,Grand Ridge,40575,40575,0,0.500754499,910
33944,0,0,0,Palmdale,36193,36193,1,0.489542842,911
32639,0,0,1,Gulf Hammock,39727,39727,0,0.486984892,912
32332,0,0,0,Gretna,33750,33750,0,0.482127263,913
32352,13,0,4,Quincy,40956,40956,0,0.475882668,914
32426,0,0,0,Campbellton,34650,34650,0,0.471997158,915
32628,0,0,1,Cross City,42029,42029,0,0.455519181,916
32601,0,0,12,Gainesville,30878,30878,0,0.452910938,917
33855,0,0,0,Indian Lake Estates,56302,56302,0,0.450414198,918
33841,5,0,3,Fort Meade,39608,39608,0,0.450256308,919
32330,0,0,0,Greensboro,41563,41563,0,0.446856296,920
32694,0,0,2,Waldo,40455,40455,0,0.433998001,921
32681,0,0,0,Orange Lake,53619,53619,0,0.428950284,922
32350,0,0,0,Pinetta,45417,45417,0,0.41567396,923
32212,0,0,1,Jacksonville,47684,47684,0,0.401429756,924
32616,0,0,2,Alachua,26528,26528,0,0.400693536,925
32831,0,0,1,Orlando,41094,41094,0,0.393780009,926
32079,0,0,0,Penney Farms,41705,41705,0,0.373415735,927
32323,0,0,1,Lanark Village,42554,42554,0,0.341760426,928
32544,0,0,0,Hurlburt Field,41917,41917,0,0.335334659,929
32631,0,0,2,Earleton,38836,38836,0,0.318760304,930
34140,0,0,18,Goodland,30489,30489,0,0.27085646,932
32648,3,0,0,Horseshoe Beach,33292,33292,0,0.268877308,933
